<?xml version='1.0' encoding='utf-8'?>
<project xmlns:ns1="http://www.plcopen.org/xml/tc6.xsd" xmlns:xhtml="http://www.w3.org/1999/xhtml" xmlns:xsd="http://www.w3.org/2001/XMLSchema" xmlns="http://www.plcopen.org/xml/tc6_0201">
  <fileHeader companyName="Unknown" productName="Unnamed" productVersion="1" creationDateTime="2023-10-30T21:59:20"/>
  <contentHeader name="Unnamed" modificationDateTime="2023-10-30T22:33:07">
    <coordinateInfo>
      <fbd>
        <scaling x="10" y="10"/>
      </fbd>
      <ld>
        <scaling x="10" y="10"/>
      </ld>
      <sfc>
        <scaling x="10" y="10"/>
      </sfc>
    </coordinateInfo>
  </contentHeader>
  <types>
    <dataTypes/>
    <pous>
      <pou name="ESP32_Smart_Indicator_Flasher" pouType="program">
        <interface>
          <localVars>
            <variable name="Start_Timer" address="%IX0.1">
              <type>
                <BOOL/>
              </type>
              <documentation>
                <xhtml:p><![CDATA[Pin 18 on ESP32 micrcontroller]]></xhtml:p>
              </documentation>
            </variable>
            <variable name="Smart_Indicator" address="%QX0.1">
              <type>
                <BOOL/>
              </type>
              <documentation>
                <xhtml:p><![CDATA[Pin 2 on ESP32 microcontroller]]></xhtml:p>
              </documentation>
            </variable>
          </localVars>
          <localVars>
            <variable name="B1">
              <type>
                <BOOL/>
              </type>
              <documentation>
                <xhtml:p><![CDATA[Internal Bit Memory Address 1]]></xhtml:p>
              </documentation>
            </variable>
            <variable name="B2">
              <type>
                <BOOL/>
              </type>
              <documentation>
                <xhtml:p><![CDATA[Internal Bit Memory Address 2]]></xhtml:p>
              </documentation>
            </variable>
            <variable name="TP0">
              <type>
                <derived name="TP"/>
              </type>
              <documentation>
                <xhtml:p><![CDATA[Timer Pulse0  set for 100ms]]></xhtml:p>
              </documentation>
            </variable>
            <variable name="TP1">
              <type>
                <derived name="TP"/>
              </type>
              <documentation>
                <xhtml:p><![CDATA[Timer Pulse1 set for 100ms]]></xhtml:p>
              </documentation>
            </variable>
          </localVars>
        </interface>
        <body>
          <LD>
            <leftPowerRail localId="1" height="240" width="10">
              <position x="170" y="120"/>
              <connectionPointOut formalParameter="">
                <relPosition x="10" y="20"/>
              </connectionPointOut>
              <connectionPointOut formalParameter="">
                <relPosition x="10" y="60"/>
              </connectionPointOut>
              <connectionPointOut formalParameter="">
                <relPosition x="10" y="100"/>
              </connectionPointOut>
              <connectionPointOut formalParameter="">
                <relPosition x="10" y="140"/>
              </connectionPointOut>
              <connectionPointOut formalParameter="">
                <relPosition x="10" y="180"/>
              </connectionPointOut>
              <connectionPointOut formalParameter="">
                <relPosition x="10" y="220"/>
              </connectionPointOut>
            </leftPowerRail>
            <rightPowerRail localId="2" height="240" width="10">
              <position x="710" y="120"/>
              <connectionPointIn>
                <relPosition x="0" y="20"/>
                <connection refLocalId="9">
                  <position x="710" y="140"/>
                  <position x="670" y="140"/>
                </connection>
              </connectionPointIn>
              <connectionPointIn>
                <relPosition x="0" y="60"/>
              </connectionPointIn>
              <connectionPointIn>
                <relPosition x="0" y="100"/>
                <connection refLocalId="10">
                  <position x="710" y="220"/>
                  <position x="670" y="220"/>
                </connection>
              </connectionPointIn>
              <connectionPointIn>
                <relPosition x="0" y="140"/>
              </connectionPointIn>
              <connectionPointIn>
                <relPosition x="0" y="180"/>
                <connection refLocalId="11">
                  <position x="710" y="300"/>
                  <position x="650" y="300"/>
                </connection>
              </connectionPointIn>
              <connectionPointIn>
                <relPosition x="0" y="220"/>
              </connectionPointIn>
            </rightPowerRail>
            <block localId="3" typeName="TP" instanceName="TP0" height="60" width="50">
              <position x="490" y="110"/>
              <inputVariables>
                <variable formalParameter="IN">
                  <connectionPointIn>
                    <relPosition x="0" y="30"/>
                    <connection refLocalId="7">
                      <position x="490" y="140"/>
                      <position x="390" y="140"/>
                    </connection>
                  </connectionPointIn>
                </variable>
                <variable formalParameter="PT">
                  <connectionPointIn>
                    <relPosition x="0" y="50"/>
                    <connection refLocalId="13">
                      <position x="490" y="160"/>
                      <position x="455" y="160"/>
                      <position x="455" y="180"/>
                      <position x="420" y="180"/>
                    </connection>
                  </connectionPointIn>
                </variable>
              </inputVariables>
              <inOutVariables/>
              <outputVariables>
                <variable formalParameter="Q">
                  <connectionPointOut>
                    <relPosition x="50" y="30"/>
                  </connectionPointOut>
                </variable>
                <variable formalParameter="ET">
                  <connectionPointOut>
                    <relPosition x="50" y="50"/>
                  </connectionPointOut>
                </variable>
              </outputVariables>
            </block>
            <block localId="5" typeName="TP" instanceName="TP1" height="60" width="50">
              <position x="490" y="190"/>
              <inputVariables>
                <variable formalParameter="IN">
                  <connectionPointIn>
                    <relPosition x="0" y="30"/>
                    <connection refLocalId="8">
                      <position x="490" y="220"/>
                      <position x="290" y="220"/>
                    </connection>
                  </connectionPointIn>
                </variable>
                <variable formalParameter="PT">
                  <connectionPointIn>
                    <relPosition x="0" y="50"/>
                    <connection refLocalId="14">
                      <position x="490" y="240"/>
                      <position x="460" y="240"/>
                      <position x="460" y="260"/>
                      <position x="430" y="260"/>
                    </connection>
                  </connectionPointIn>
                </variable>
              </inputVariables>
              <inOutVariables/>
              <outputVariables>
                <variable formalParameter="Q">
                  <connectionPointOut>
                    <relPosition x="50" y="30"/>
                  </connectionPointOut>
                </variable>
                <variable formalParameter="ET">
                  <connectionPointOut>
                    <relPosition x="50" y="50"/>
                  </connectionPointOut>
                </variable>
              </outputVariables>
            </block>
            <contact localId="6" height="20" width="21" negated="false">
              <position x="270" y="130"/>
              <connectionPointIn>
                <relPosition x="0" y="10"/>
                <connection refLocalId="1">
                  <position x="270" y="140"/>
                  <position x="180" y="140"/>
                </connection>
              </connectionPointIn>
              <connectionPointOut>
                <relPosition x="21" y="10"/>
              </connectionPointOut>
              <variable>Start_Timer</variable>
            </contact>
            <contact localId="7" height="20" width="21" negated="true">
              <position x="370" y="130"/>
              <connectionPointIn>
                <relPosition x="0" y="10"/>
                <connection refLocalId="6">
                  <position x="370" y="140"/>
                  <position x="291" y="140"/>
                </connection>
              </connectionPointIn>
              <connectionPointOut>
                <relPosition x="21" y="10"/>
              </connectionPointOut>
              <variable>B2</variable>
            </contact>
            <contact localId="8" height="20" width="21" negated="true">
              <position x="270" y="210"/>
              <connectionPointIn>
                <relPosition x="0" y="10"/>
                <connection refLocalId="1">
                  <position x="270" y="220"/>
                  <position x="180" y="220"/>
                </connection>
              </connectionPointIn>
              <connectionPointOut>
                <relPosition x="21" y="10"/>
              </connectionPointOut>
              <variable>B1</variable>
            </contact>
            <coil localId="9" height="20" width="21" negated="false">
              <position x="650" y="130"/>
              <connectionPointIn>
                <relPosition x="0" y="10"/>
                <connection refLocalId="3" formalParameter="Q">
                  <position x="650" y="140"/>
                  <position x="540" y="140"/>
                </connection>
              </connectionPointIn>
              <connectionPointOut>
                <relPosition x="21" y="10"/>
              </connectionPointOut>
              <variable>B1</variable>
            </coil>
            <coil localId="10" height="20" width="21" negated="false">
              <position x="650" y="210"/>
              <connectionPointIn>
                <relPosition x="0" y="10"/>
                <connection refLocalId="5" formalParameter="Q">
                  <position x="650" y="220"/>
                  <position x="540" y="220"/>
                </connection>
              </connectionPointIn>
              <connectionPointOut>
                <relPosition x="21" y="10"/>
              </connectionPointOut>
              <variable>B2</variable>
            </coil>
            <coil localId="11" height="20" width="21" negated="false">
              <position x="630" y="290"/>
              <connectionPointIn>
                <relPosition x="0" y="10"/>
                <connection refLocalId="12">
                  <position x="630" y="300"/>
                  <position x="291" y="300"/>
                </connection>
              </connectionPointIn>
              <connectionPointOut>
                <relPosition x="21" y="10"/>
              </connectionPointOut>
              <variable>Smart_Indicator</variable>
            </coil>
            <contact localId="12" height="20" width="21" negated="false">
              <position x="270" y="290"/>
              <connectionPointIn>
                <relPosition x="0" y="10"/>
                <connection refLocalId="1">
                  <position x="270" y="300"/>
                  <position x="180" y="300"/>
                </connection>
              </connectionPointIn>
              <connectionPointOut>
                <relPosition x="21" y="10"/>
              </connectionPointOut>
              <variable>B1</variable>
            </contact>
            <inVariable localId="13" height="30" width="90" negated="false">
              <position x="330" y="160"/>
              <connectionPointOut>
                <relPosition x="90" y="20"/>
              </connectionPointOut>
              <expression>T#100ms</expression>
            </inVariable>
            <inVariable localId="14" height="30" width="100" negated="false">
              <position x="330" y="240"/>
              <connectionPointOut>
                <relPosition x="100" y="20"/>
              </connectionPointOut>
              <expression>T#100ms</expression>
            </inVariable>
          </LD>
        </body>
      </pou>
    </pous>
  </types>
  <instances>
    <configurations>
      <configuration name="Config0">
        <resource name="Res0">
          <task name="task0" priority="0" interval="T#20ms">
            <pouInstance name="instance0" typeName="ESP32_Smart_Indicator_Flasher"/>
          </task>
        </resource>
      </configuration>
    </configurations>
  </instances>
</project>
