<?xml version='1.0' encoding='utf-8'?>
<project xmlns:ns1="http://www.plcopen.org/xml/tc6_0201" xmlns:xhtml="http://www.w3.org/1999/xhtml" xmlns:xsd="http://www.w3.org/2001/XMLSchema" xmlns="http://www.plcopen.org/xml/tc6_0201">
  <fileHeader companyName="Unknown" productName="Unnamed" productVersion="1" creationDateTime="2023-10-29T12:14:03"/>
  <contentHeader name="Unnamed" modificationDateTime="2023-10-29T16:02:53">
    <coordinateInfo>
      <fbd>
        <scaling x="10" y="10"/>
      </fbd>
      <ld>
        <scaling x="10" y="10"/>
      </ld>
      <sfc>
        <scaling x="10" y="10"/>
      </sfc>
    </coordinateInfo>
  </contentHeader>
  <types>
    <dataTypes/>
    <pous>
      <pou name="ESP32_CountUp_Controller" pouType="program">
        <interface>
          <localVars>
            <variable name="Count_Up" address="%IX0.1">
              <type>
                <BOOL/>
              </type>
              <documentation>
                <xhtml:p><![CDATA[Pin 18 on ESP32 microcontroller]]></xhtml:p>
              </documentation>
            </variable>
            <variable name="Reset" address="%IX0.2">
              <type>
                <BOOL/>
              </type>
              <documentation>
                <xhtml:p><![CDATA[Pin19 on ESP32 microcontroller]]></xhtml:p>
              </documentation>
            </variable>
            <variable name="Count_Complete" address="%QX0.1">
              <type>
                <BOOL/>
              </type>
              <documentation>
                <xhtml:p><![CDATA[Pin 2 on ESP32 microcontroller]]></xhtml:p>
              </documentation>
            </variable>
            <variable name="Ready" address="%QX0.3">
              <type>
                <BOOL/>
              </type>
              <documentation>
                <xhtml:p><![CDATA[Pin 4 on ESP32 microcontroller]]></xhtml:p>
              </documentation>
            </variable>
          </localVars>
          <localVars>
            <variable name="Preset_Value">
              <type>
                <INT/>
              </type>
              <initialValue>
                <simpleValue value="5"/>
              </initialValue>
            </variable>
            <variable name="Count_Value">
              <type>
                <INT/>
              </type>
            </variable>
            <variable name="CTU0">
              <type>
                <derived name="CTU"/>
              </type>
            </variable>
          </localVars>
        </interface>
        <body>
          <LD>
            <block localId="1" typeName="CTU" instanceName="CTU0" height="80" width="50">
              <position x="390" y="50"/>
              <inputVariables>
                <variable formalParameter="CU" edge="rising">
                  <connectionPointIn>
                    <relPosition x="0" y="30"/>
                    <connection refLocalId="4">
                      <position x="390" y="80"/>
                      <position x="181" y="80"/>
                    </connection>
                  </connectionPointIn>
                </variable>
                <variable formalParameter="R">
                  <connectionPointIn>
                    <relPosition x="0" y="50"/>
                    <connection refLocalId="5">
                      <position x="390" y="100"/>
                      <position x="329" y="100"/>
                      <position x="329" y="120"/>
                      <position x="181" y="120"/>
                    </connection>
                  </connectionPointIn>
                </variable>
                <variable formalParameter="PV">
                  <connectionPointIn>
                    <relPosition x="0" y="70"/>
                    <connection refLocalId="6">
                      <position x="390" y="120"/>
                      <position x="355" y="120"/>
                      <position x="355" y="150"/>
                      <position x="320" y="150"/>
                    </connection>
                  </connectionPointIn>
                </variable>
              </inputVariables>
              <inOutVariables/>
              <outputVariables>
                <variable formalParameter="Q">
                  <connectionPointOut>
                    <relPosition x="50" y="30"/>
                  </connectionPointOut>
                </variable>
                <variable formalParameter="CV">
                  <connectionPointOut>
                    <relPosition x="50" y="50"/>
                  </connectionPointOut>
                </variable>
              </outputVariables>
            </block>
            <leftPowerRail localId="2" height="200" width="10">
              <position x="90" y="60"/>
              <connectionPointOut formalParameter="">
                <relPosition x="10" y="20"/>
              </connectionPointOut>
              <connectionPointOut formalParameter="">
                <relPosition x="10" y="60"/>
              </connectionPointOut>
              <connectionPointOut formalParameter="">
                <relPosition x="10" y="100"/>
              </connectionPointOut>
              <connectionPointOut formalParameter="">
                <relPosition x="10" y="140"/>
              </connectionPointOut>
              <connectionPointOut formalParameter="">
                <relPosition x="10" y="180"/>
              </connectionPointOut>
            </leftPowerRail>
            <rightPowerRail localId="3" height="200" width="10">
              <position x="690" y="60"/>
              <connectionPointIn>
                <relPosition x="0" y="20"/>
                <connection refLocalId="8">
                  <position x="690" y="80"/>
                  <position x="640" y="80"/>
                </connection>
              </connectionPointIn>
              <connectionPointIn>
                <relPosition x="0" y="60"/>
              </connectionPointIn>
              <connectionPointIn>
                <relPosition x="0" y="100"/>
              </connectionPointIn>
              <connectionPointIn>
                <relPosition x="0" y="140"/>
                <connection refLocalId="10">
                  <position x="690" y="200"/>
                  <position x="640" y="200"/>
                </connection>
              </connectionPointIn>
              <connectionPointIn>
                <relPosition x="0" y="180"/>
              </connectionPointIn>
            </rightPowerRail>
            <contact localId="4" height="20" width="21" negated="false">
              <position x="160" y="70"/>
              <connectionPointIn>
                <relPosition x="0" y="10"/>
                <connection refLocalId="2">
                  <position x="160" y="80"/>
                  <position x="100" y="80"/>
                </connection>
              </connectionPointIn>
              <connectionPointOut>
                <relPosition x="21" y="10"/>
              </connectionPointOut>
              <variable>Count_Up</variable>
            </contact>
            <contact localId="5" height="20" width="21" negated="false">
              <position x="160" y="110"/>
              <connectionPointIn>
                <relPosition x="0" y="10"/>
                <connection refLocalId="2">
                  <position x="160" y="120"/>
                  <position x="100" y="120"/>
                </connection>
              </connectionPointIn>
              <connectionPointOut>
                <relPosition x="21" y="10"/>
              </connectionPointOut>
              <variable>Reset</variable>
            </contact>
            <inVariable localId="6" height="30" width="110" negated="false">
              <position x="210" y="140"/>
              <connectionPointOut>
                <relPosition x="110" y="10"/>
              </connectionPointOut>
              <expression>Preset_Value</expression>
            </inVariable>
            <outVariable localId="7" height="30" width="100" negated="false">
              <position x="520" y="140"/>
              <connectionPointIn>
                <relPosition x="0" y="20"/>
                <connection refLocalId="1" formalParameter="CV">
                  <position x="520" y="160"/>
                  <position x="490" y="160"/>
                  <position x="490" y="100"/>
                  <position x="440" y="100"/>
                </connection>
              </connectionPointIn>
              <expression>Count_Value</expression>
            </outVariable>
            <coil localId="8" height="20" width="21" negated="false">
              <position x="620" y="70"/>
              <connectionPointIn>
                <relPosition x="0" y="10"/>
                <connection refLocalId="1" formalParameter="Q">
                  <position x="620" y="80"/>
                  <position x="440" y="80"/>
                </connection>
              </connectionPointIn>
              <connectionPointOut>
                <relPosition x="21" y="10"/>
              </connectionPointOut>
              <variable>Count_Complete</variable>
            </coil>
            <contact localId="9" height="20" width="21" negated="true">
              <position x="160" y="190"/>
              <connectionPointIn>
                <relPosition x="0" y="10"/>
                <connection refLocalId="2">
                  <position x="160" y="200"/>
                  <position x="100" y="200"/>
                </connection>
              </connectionPointIn>
              <connectionPointOut>
                <relPosition x="21" y="10"/>
              </connectionPointOut>
              <variable>Count_Complete</variable>
            </contact>
            <coil localId="10" height="20" width="21" negated="false">
              <position x="620" y="190"/>
              <connectionPointIn>
                <relPosition x="0" y="10"/>
                <connection refLocalId="9">
                  <position x="620" y="200"/>
                  <position x="181" y="200"/>
                </connection>
              </connectionPointIn>
              <connectionPointOut>
                <relPosition x="21" y="10"/>
              </connectionPointOut>
              <variable>Ready</variable>
            </coil>
          </LD>
        </body>
      </pou>
    </pous>
  </types>
  <instances>
    <configurations>
      <configuration name="Config0">
        <resource name="Res0">
          <task name="task0" priority="0" interval="T#20ms">
            <pouInstance name="instance0" typeName="ESP32_CountUp_Controller"/>
          </task>
        </resource>
      </configuration>
    </configurations>
  </instances>
</project>
