<?xml version='1.0' encoding='utf-8'?>
<project xmlns:ns1="http://www.plcopen.org/xml/tc6_0201" xmlns:xhtml="http://www.w3.org/1999/xhtml" xmlns:xsd="http://www.w3.org/2001/XMLSchema" xmlns="http://www.plcopen.org/xml/tc6_0201">
  <fileHeader companyName="Unknown" productName="Unnamed" productVersion="1" creationDateTime="2023-10-06T20:18:37"/>
  <contentHeader name="Unnamed" modificationDateTime="2023-10-16T23:44:21">
    <coordinateInfo>
      <fbd>
        <scaling x="10" y="10"/>
      </fbd>
      <ld>
        <scaling x="10" y="10"/>
      </ld>
      <sfc>
        <scaling x="10" y="10"/>
      </sfc>
    </coordinateInfo>
  </contentHeader>
  <types>
    <dataTypes/>
    <pous>
      <pou name="ESP32_Hello_World" pouType="program">
        <interface>
          <localVars>
            <variable name="Hello_PB" address="%IX0.1">
              <type>
                <BOOL/>
              </type>
              <documentation>
                <xhtml:p><![CDATA[Pin 18 on ESP32 microcontroller]]></xhtml:p>
              </documentation>
            </variable>
            <variable name="Hello_LED" address="%QX0.1">
              <type>
                <BOOL/>
              </type>
            </variable>
          </localVars>
        </interface>
        <body>
          <LD>
            <leftPowerRail localId="1" height="40" width="10">
              <position x="200" y="40"/>
              <connectionPointOut formalParameter="">
                <relPosition x="10" y="20"/>
              </connectionPointOut>
            </leftPowerRail>
            <rightPowerRail localId="2" height="40" width="10">
              <position x="610" y="40"/>
              <connectionPointIn>
                <relPosition x="0" y="20"/>
                <connection refLocalId="4">
                  <position x="610" y="60"/>
                  <position x="551" y="60"/>
                </connection>
              </connectionPointIn>
            </rightPowerRail>
            <coil localId="4" height="20" width="21" negated="false">
              <position x="530" y="50"/>
              <connectionPointIn>
                <relPosition x="0" y="10"/>
                <connection refLocalId="5">
                  <position x="530" y="60"/>
                  <position x="271" y="60"/>
                </connection>
              </connectionPointIn>
              <connectionPointOut>
                <relPosition x="21" y="10"/>
              </connectionPointOut>
              <variable>Hello_LED</variable>
            </coil>
            <contact localId="5" height="20" width="21" negated="false">
              <position x="250" y="50"/>
              <connectionPointIn>
                <relPosition x="0" y="10"/>
                <connection refLocalId="1">
                  <position x="250" y="60"/>
                  <position x="210" y="60"/>
                </connection>
              </connectionPointIn>
              <connectionPointOut>
                <relPosition x="21" y="10"/>
              </connectionPointOut>
              <variable>Hello_PB</variable>
            </contact>
          </LD>
        </body>
      </pou>
    </pous>
  </types>
  <instances>
    <configurations>
      <configuration name="Config0">
        <resource name="Res0">
          <task name="task0" priority="0" interval="T#20ms">
            <pouInstance name="instance0" typeName="ESP32_Hello_World"/>
          </task>
        </resource>
      </configuration>
    </configurations>
  </instances>
</project>
