<?xml version='1.0' encoding='utf-8'?>
<project xmlns:ns1="http://www.plcopen.org/xml/tc6_0201" xmlns:xhtml="http://www.w3.org/1999/xhtml" xmlns:xsd="http://www.w3.org/2001/XMLSchema" xmlns="http://www.plcopen.org/xml/tc6_0201">
  <fileHeader companyName="Unknown" productName="Unnamed" productVersion="1" creationDateTime="2023-10-07T21:16:24"/>
  <contentHeader name="Unnamed" modificationDateTime="2023-10-08T13:57:24">
    <coordinateInfo>
      <fbd>
        <scaling x="10" y="10"/>
      </fbd>
      <ld>
        <scaling x="10" y="10"/>
      </ld>
      <sfc>
        <scaling x="10" y="10"/>
      </sfc>
    </coordinateInfo>
  </contentHeader>
  <types>
    <dataTypes/>
    <pous>
      <pou name="ESP32_Start_Stop_Controller" pouType="program">
        <interface>
          <localVars>
            <variable name="START" address="%IX0.1">
              <type>
                <BOOL/>
              </type>
              <documentation>
                <xhtml:p><![CDATA[Pin 18 on ESP32 microcontroller]]></xhtml:p>
              </documentation>
            </variable>
            <variable name="STOP" address="%IX0.2">
              <type>
                <BOOL/>
              </type>
              <documentation>
                <xhtml:p><![CDATA[Pin 19 on ESP32 microcontroller]]></xhtml:p>
              </documentation>
            </variable>
          </localVars>
          <localVars>
            <variable name="CR">
              <type>
                <BOOL/>
              </type>
              <documentation>
                <xhtml:p><![CDATA[Internal Memory Bit for OpenPLC]]></xhtml:p>
              </documentation>
            </variable>
          </localVars>
          <localVars>
            <variable name="LED" address="%QX0.1">
              <type>
                <BOOL/>
              </type>
              <documentation>
                <xhtml:p><![CDATA[Pin 2 on ESP32 microcontroller]]></xhtml:p>
              </documentation>
            </variable>
          </localVars>
        </interface>
        <body>
          <LD>
            <leftPowerRail localId="1" height="120" width="10">
              <position x="170" y="30"/>
              <connectionPointOut formalParameter="">
                <relPosition x="10" y="20"/>
              </connectionPointOut>
              <connectionPointOut formalParameter="">
                <relPosition x="10" y="60"/>
              </connectionPointOut>
              <connectionPointOut formalParameter="">
                <relPosition x="10" y="100"/>
              </connectionPointOut>
            </leftPowerRail>
            <rightPowerRail localId="2" height="120" width="10">
              <position x="640" y="30"/>
              <connectionPointIn>
                <relPosition x="0" y="20"/>
                <connection refLocalId="6">
                  <position x="640" y="50"/>
                  <position x="580" y="50"/>
                </connection>
              </connectionPointIn>
              <connectionPointIn>
                <relPosition x="0" y="60"/>
              </connectionPointIn>
              <connectionPointIn>
                <relPosition x="0" y="100"/>
                <connection refLocalId="5">
                  <position x="640" y="130"/>
                  <position x="581" y="130"/>
                </connection>
              </connectionPointIn>
            </rightPowerRail>
            <contact localId="3" height="20" width="21" negated="true">
              <position x="230" y="40"/>
              <connectionPointIn>
                <relPosition x="0" y="10"/>
                <connection refLocalId="1">
                  <position x="230" y="50"/>
                  <position x="180" y="50"/>
                </connection>
              </connectionPointIn>
              <connectionPointOut>
                <relPosition x="21" y="10"/>
              </connectionPointOut>
              <variable>STOP</variable>
            </contact>
            <contact localId="4" height="20" width="21" negated="false">
              <position x="370" y="40"/>
              <connectionPointIn>
                <relPosition x="0" y="10"/>
                <connection refLocalId="3">
                  <position x="370" y="50"/>
                  <position x="251" y="50"/>
                </connection>
              </connectionPointIn>
              <connectionPointOut>
                <relPosition x="21" y="10"/>
              </connectionPointOut>
              <variable>START</variable>
            </contact>
            <coil localId="5" height="20" width="21" negated="false">
              <position x="560" y="120"/>
              <connectionPointIn>
                <relPosition x="0" y="10"/>
                <connection refLocalId="8">
                  <position x="560" y="130"/>
                  <position x="250" y="130"/>
                </connection>
              </connectionPointIn>
              <connectionPointOut>
                <relPosition x="21" y="10"/>
              </connectionPointOut>
              <variable>LED</variable>
            </coil>
            <coil localId="6" height="20" width="21" negated="false">
              <position x="560" y="40"/>
              <connectionPointIn>
                <relPosition x="0" y="10"/>
                <connection refLocalId="4">
                  <position x="560" y="50"/>
                  <position x="391" y="50"/>
                </connection>
                <connection refLocalId="7">
                  <position x="560" y="50"/>
                  <position x="475" y="50"/>
                  <position x="475" y="100"/>
                  <position x="391" y="100"/>
                </connection>
              </connectionPointIn>
              <connectionPointOut>
                <relPosition x="21" y="10"/>
              </connectionPointOut>
              <variable>CR</variable>
            </coil>
            <contact localId="7" height="20" width="21" negated="false">
              <position x="370" y="90"/>
              <connectionPointIn>
                <relPosition x="0" y="10"/>
                <connection refLocalId="3">
                  <position x="370" y="100"/>
                  <position x="310" y="100"/>
                  <position x="310" y="50"/>
                  <position x="251" y="50"/>
                </connection>
              </connectionPointIn>
              <connectionPointOut>
                <relPosition x="21" y="10"/>
              </connectionPointOut>
              <variable>CR</variable>
            </contact>
            <contact localId="8" height="20" width="21" negated="false">
              <position x="230" y="120"/>
              <connectionPointIn>
                <relPosition x="0" y="10"/>
                <connection refLocalId="1">
                  <position x="230" y="130"/>
                  <position x="180" y="130"/>
                </connection>
              </connectionPointIn>
              <connectionPointOut>
                <relPosition x="21" y="10"/>
              </connectionPointOut>
              <variable>CR</variable>
            </contact>
          </LD>
        </body>
      </pou>
    </pous>
  </types>
  <instances>
    <configurations>
      <configuration name="Config0">
        <resource name="Res0">
          <task name="task0" priority="0" interval="T#20ms">
            <pouInstance name="instance0" typeName="ESP32_Start_Stop_Controller"/>
          </task>
        </resource>
      </configuration>
    </configurations>
  </instances>
</project>
