<?xml version='1.0' encoding='utf-8'?>
<project xmlns:ns1="http://www.plcopen.org/xml/tc6_0201" xmlns:xhtml="http://www.w3.org/1999/xhtml" xmlns:xsd="http://www.w3.org/2001/XMLSchema" xmlns="http://www.plcopen.org/xml/tc6_0201">
  <fileHeader companyName="Unknown" productName="Unnamed" productVersion="1" creationDateTime="2023-10-24T20:22:49"/>
  <contentHeader name="Unnamed" modificationDateTime="2023-10-24T22:22:36">
    <coordinateInfo>
      <fbd>
        <scaling x="10" y="10"/>
      </fbd>
      <ld>
        <scaling x="10" y="10"/>
      </ld>
      <sfc>
        <scaling x="10" y="10"/>
      </sfc>
    </coordinateInfo>
  </contentHeader>
  <types>
    <dataTypes/>
    <pous>
      <pou name="Digital_Logic_Controller" pouType="program">
        <interface>
          <localVars>
            <variable name="PB1" address="%IX0.1">
              <type>
                <BOOL/>
              </type>
              <documentation>
                <xhtml:p><![CDATA[Pin 18 of ESP32 Microcontroller]]></xhtml:p>
              </documentation>
            </variable>
            <variable name="PB2" address="%IX0.2">
              <type>
                <BOOL/>
              </type>
              <documentation>
                <xhtml:p><![CDATA[Pin 19 of ESP32 Microcontroller]]></xhtml:p>
              </documentation>
            </variable>
            <variable name="Output" address="%QX0.1">
              <type>
                <BOOL/>
              </type>
              <documentation>
                <xhtml:p><![CDATA[Pin 2 of ESP32 Micrcontroller]]></xhtml:p>
              </documentation>
            </variable>
          </localVars>
        </interface>
        <body>
          <LD>
            <leftPowerRail localId="1" height="120" width="10">
              <position x="250" y="30"/>
              <connectionPointOut formalParameter="">
                <relPosition x="10" y="20"/>
              </connectionPointOut>
              <connectionPointOut formalParameter="">
                <relPosition x="10" y="60"/>
              </connectionPointOut>
              <connectionPointOut formalParameter="">
                <relPosition x="10" y="100"/>
              </connectionPointOut>
            </leftPowerRail>
            <rightPowerRail localId="2" height="120" width="10">
              <position x="640" y="30"/>
              <connectionPointIn>
                <relPosition x="0" y="20"/>
                <connection refLocalId="5">
                  <position x="640" y="50"/>
                  <position x="590" y="50"/>
                </connection>
              </connectionPointIn>
              <connectionPointIn>
                <relPosition x="0" y="60"/>
              </connectionPointIn>
              <connectionPointIn>
                <relPosition x="0" y="100"/>
              </connectionPointIn>
            </rightPowerRail>
            <contact localId="3" height="20" width="21" negated="false">
              <position x="310" y="40"/>
              <connectionPointIn>
                <relPosition x="0" y="10"/>
                <connection refLocalId="1">
                  <position x="310" y="50"/>
                  <position x="260" y="50"/>
                </connection>
              </connectionPointIn>
              <connectionPointOut>
                <relPosition x="21" y="10"/>
              </connectionPointOut>
              <variable>PB1</variable>
            </contact>
            <contact localId="4" height="20" width="21" negated="false">
              <position x="440" y="40"/>
              <connectionPointIn>
                <relPosition x="0" y="10"/>
                <connection refLocalId="3">
                  <position x="440" y="50"/>
                  <position x="331" y="50"/>
                </connection>
              </connectionPointIn>
              <connectionPointOut>
                <relPosition x="21" y="10"/>
              </connectionPointOut>
              <variable>PB2</variable>
            </contact>
            <coil localId="5" height="20" width="21" negated="false">
              <position x="570" y="40"/>
              <connectionPointIn>
                <relPosition x="0" y="10"/>
                <connection refLocalId="4">
                  <position x="570" y="50"/>
                  <position x="461" y="50"/>
                </connection>
              </connectionPointIn>
              <connectionPointOut>
                <relPosition x="21" y="10"/>
              </connectionPointOut>
              <variable>Output</variable>
            </coil>
          </LD>
        </body>
      </pou>
    </pous>
  </types>
  <instances>
    <configurations>
      <configuration name="Config0">
        <resource name="Res0">
          <task name="task0" priority="0" interval="T#20ms">
            <pouInstance name="instance0" typeName="Digital_Logic_Controller"/>
          </task>
        </resource>
      </configuration>
    </configurations>
  </instances>
</project>
